<?xml version="1.0" encoding="UTF-8"?>
<!DOCTYPE mapper
        PUBLIC "-//mybatis.org//DTD Mapper 3.0//EN"
        "http://mybatis.org/dtd/mybatis-3-mapper.dtd">
<mapper namespace="com.molo.molo.mapper.ExamineMapper">

    <resultMap id="BaseResultMap" type="com.molo.molo.entity.Examine">
            <id property="examineId" column="examine_id" jdbcType="INTEGER"/>
            <result property="examineUsername" column="examine_username" jdbcType="VARCHAR"/>
            <result property="examinePassword" column="examine_password" jdbcType="VARCHAR"/>
            <result property="examineStatus" column="examine_status" jdbcType="INTEGER"/>
            <result property="examineType" column="examine_type" jdbcType="INTEGER"/>
    </resultMap>

    <sql id="Base_Column_List">
        examine_id,examine_username,examine_password,
        examine_status,examine_type
    </sql>
</mapper>
