<?xml version="1.0" encoding="UTF-8"?>
<!DOCTYPE mapper
        PUBLIC "-//mybatis.org//DTD Mapper 3.0//EN"
        "http://mybatis.org/dtd/mybatis-3-mapper.dtd">
<mapper namespace="com.molo.molo.mapper.MoloMapper">

    <resultMap id="BaseResultMap" type="com.molo.molo.entity.Molo">
            <id property="moloId" column="molo_id" jdbcType="INTEGER"/>
            <result property="moloOwnerId" column="molo_owner_id" jdbcType="INTEGER"/>
            <result property="moloTypeId" column="molo_type_id" jdbcType="INTEGER"/>
            <result property="moloTitle" column="molo_title" jdbcType="VARCHAR"/>
            <result property="moloContent" column="molo_content" jdbcType="VARCHAR"/>
            <result property="moloStarNum" column="molo_star_num" jdbcType="INTEGER"/>
    </resultMap>

    <sql id="Base_Column_List">
        molo_id,molo_owner_id,molo_type_id,
        molo_title,molo_content,molo_star_num
    </sql>
</mapper>
