<?xml version="1.0" encoding="UTF-8"?>
<!DOCTYPE mapper
        PUBLIC "-//mybatis.org//DTD Mapper 3.0//EN"
        "http://mybatis.org/dtd/mybatis-3-mapper.dtd">
<mapper namespace="com.molo.molo.mapper.MolologMapper">

    <resultMap id="BaseResultMap" type="com.molo.molo.entity.Mololog">
            <id property="molologId" column="mololog_id" jdbcType="INTEGER"/>
            <result property="moloId" column="molo_id" jdbcType="INTEGER"/>
            <result property="molologTime" column="mololog_time" jdbcType="VARCHAR"/>
            <result property="molologDescription" column="mololog_description" jdbcType="VARCHAR"/>
    </resultMap>

    <sql id="Base_Column_List">
        mololog_id,molo_id,mololog_time,
        mololog_description
    </sql>
</mapper>
