<?xml version="1.0" encoding="UTF-8"?>
<!DOCTYPE mapper
        PUBLIC "-//mybatis.org//DTD Mapper 3.0//EN"
        "http://mybatis.org/dtd/mybatis-3-mapper.dtd">
<mapper namespace="com.molo.molo.mapper.UserMapper">

    <resultMap id="BaseResultMap" type="com.molo.molo.entity.User">
            <id property="userId" column="user_id" jdbcType="INTEGER"/>
            <result property="userName" column="user_name" jdbcType="VARCHAR"/>
            <result property="userPassword" column="user_password" jdbcType="VARCHAR"/>
            <result property="userTypeId" column="user_type_id" jdbcType="INTEGER"/>
            <result property="userStatus" column="user_status" jdbcType="INTEGER"/>
            <result property="token" column="token" jdbcType="VARCHAR"/>
    </resultMap>

    <sql id="Base_Column_List">
        user_id,user_name,user_password,
        user_type_id,user_status,token
    </sql>
</mapper>
