<?xml version="1.0" encoding="UTF-8"?>
<!DOCTYPE mapper
        PUBLIC "-//mybatis.org//DTD Mapper 3.0//EN"
        "http://mybatis.org/dtd/mybatis-3-mapper.dtd">
<mapper namespace="com.molo.molo.mapper.UserlogMapper">

    <resultMap id="BaseResultMap" type="com.molo.molo.entity.Userlog">
            <id property="userlogId" column="userlog_id" jdbcType="INTEGER"/>
            <result property="userId" column="user_id" jdbcType="INTEGER"/>
            <result property="userlogTime" column="userlog_time" jdbcType="VARCHAR"/>
            <result property="userlogDescription" column="userlog_description" jdbcType="VARCHAR"/>
    </resultMap>

    <sql id="Base_Column_List">
        userlog_id,user_id,userlog_time,
        userlog_description
    </sql>
</mapper>
